"Variable","Min","Q1","Median","Mean","Q3","Max","NAs"
"Brightness",0.285,28366.818,31337.393,26852.966,33618.303,45438.567,0
"Greenness",-5084.384,-1448.767,-259.768,-613.709,24.325,4227.727,0
"Healthcare_Access_km",0.171,2.683,15.135,20.549,30.871,179.454,0
"NightLights",-0.071,0,0,0.257,0,9.924,0
"Population_Density",0.164,50.867,217.923,703.413,514.18,16321.12,0
"RH",37.547,49.167,52.284,53.539,57.142,80.487,0
"Rainfall",71.938,259.615,542.025,589.235,821.552,2227.306,0
"Temperature",15.1,24.636,26.738,26.053,28.161,31.195,0
"Water_Distance_km",0.257,31.087,47.296,59.401,74.651,196.18,0
"Wealth_Index",-1.201,-0.624,-0.454,-0.334,-0.105,1.753,0
"Wetness",-11008.168,-6324.143,-5233.596,-4686.748,-3733.48,-0.018,0
